<?xml version="1.0" encoding="UTF-8"?>
<!--
	<H3>Calculator Application</H3>
	
	Uses a self-contained calculator component that
	is tested by a user.
-->
<applicationtype xmlns="http://www.activecomponents.org/jadex-application"
	xmlns:xsi="http://www.w3.org/2001/XMLSchema-instance"
	xsi:schemaLocation="http://www.activecomponents.org/jadex-application 
	                    http://www.activecomponents.org/jadex-application-${jadex_build_version}.xsd"
	name="Calculate" package="jadex.micro.testcases.semiautomatic.compositeservice">
	
	<componenttypes>
		<componenttype name="Calculator" filename="jadex/micro/testcases/semiautomatic/compositeservice/CalculatorAgent.class" master="true"/>
		<componenttype name="User" filename="jadex/micro/testcases/semiautomatic/compositeservice/UserAgent.class"/>
	</componenttypes>
	
	<services>
		<providedservice class="IAddService">
			<implementation>
				<binding componentname="calculator" create="true">
					<creationinfo type="Calculator"/>
				</binding>		
			</implementation>
		</providedservice>
	</services>
	
	<configurations>
		<configuration name="All Components Available">
			<components>
				<component name="calculator" type="Calculator"/>
				<component type="User"/>
			</components>
		</configuration>
		<configuration name="Dynamically Create Calculator">
			<components>
				<component type="User"/>
			</components>
		</configuration>
	</configurations>
</applicationtype>
