<!--
	<H3>The game of life application descriptor</H3>

	It can be started to launch a game of life scenario.
	It is simulated as environment process without any agents.
-->

<applicationtype xmlns="http://www.activecomponents.org/jadex-application"
	xmlns:env="http://www.activecomponents.org/jadex-envspace"
	xmlns:xsi="http://www.w3.org/2001/XMLSchema-instance"
	xsi:schemaLocation="http://www.activecomponents.org/jadex-application 
	                    http://www.activecomponents.org/jadex-application-${jadex_build_version}.xsd
	                    http://www.activecomponents.org/jadex-envspace 
	                    http://www.activecomponents.org/jadex-envspace-${jadex_build_version}.xsd"
	name="GameOfLife" package="jadex.micro.examples.gameoflife">
	
	<imports>
		<import>jadex.extension.envsupport.environment.space2d.*</import>
		<import>jadex.extension.envsupport.environment.RoundBasedExecutor</import>
		<import>jadex.extension.envsupport.math.*</import>
		<import>jadex.extension.envsupport.dataview.*</import>
		<import>jadex.extension.envsupport.observer.perspective.*</import>
	</imports>
	
	<!-- <arguments>
		<argument name="width" class="Number">20</argument>
		<argument name="height" class="Number">20</argument>
	</arguments> -->
	
	<extensiontypes>
		<env:envspacetype name="gc2dspace" width="20" height="20" class="Grid2D">
		<!-- <env:envspacetype name="gc2dspace" width="$args.width" height="$args.height" class="Grid2D">-->
			<env:property name="neighborhood">Grid2D.NEIGHBORHOOD_MOORE</env:property>

			<env:objecttypes>
				<env:objecttype name="cell">
					<env:property name="alive"></env:property>
				</env:objecttype>
			</env:objecttypes>
		
			<env:processtypes>
				<env:processtype name="gol" class="GameOfLifeProcess" />
			</env:processtypes>
			
			<env:dataviews>
				<env:dataview name="view_all" class="GeneralDataView2D" />
			</env:dataviews>
			
			<env:perspectives>
				<env:perspective name="main" class="Perspective2D" objectplacement="center">
					<env:drawable objecttype="cell" width="1.0" height="1.0">
						<env:rectangle color="yellow">
							<env:drawcondition>$object.alive</env:drawcondition> 
						</env:rectangle>
					</env:drawable>
					<env:prelayers>
						<env:colorlayer color="black"/>
					</env:prelayers>
				</env:perspective>
			</env:perspectives>
			
			<env:spaceexecutor class="RoundBasedExecutor">
				<env:property name="space">$space</env:property>
			</env:spaceexecutor>
		</env:envspacetype>
	</extensiontypes>
	
	<configurations>
		<configuration name="10x10">
			<extensions>
				<env:envspace name="mygc2dspace" type="gc2dspace" width="10" height="10">
					<env:processes>
						<env:process type="gol"/>
					</env:processes>
					
					<env:observers>
						<env:observer name="world" dataview="view_all" perspective="main"/>
					</env:observers>
				</env:envspace>
			</extensions>
		</configuration>
	
		<configuration name="50x50">
			<extensions>
				<env:envspace name="mygc2dspace" type="gc2dspace" width="50" height="50">
					<env:processes>
						<env:process type="gol"/>
					</env:processes>
					
					<env:observers>
						<env:observer name="world" dataview="view_all" perspective="main"/>
					</env:observers>
				</env:envspace>
			</extensions>
		</configuration>
		
		<configuration name="70x70">
			<extensions>
				<env:envspace name="mygc2dspace" type="gc2dspace" width="70" height="70">
					<env:processes>
						<env:process type="gol"/>
					</env:processes>
					
					<env:observers>
						<env:observer name="world" dataview="view_all" perspective="main"/>
					</env:observers>
				</env:envspace>
			</extensions>
		</configuration>
		
		<configuration name="100x100">
			<extensions>
				<env:envspace name="mygc2dspace" type="gc2dspace" width="100" height="100">
					<env:processes>
						<env:process type="gol"/>
					</env:processes>
					
					<env:observers>
						<env:observer name="world" dataview="view_all" perspective="main"/>
					</env:observers>
				</env:envspace>
			</extensions>
		</configuration>
	</configurations>

</applicationtype>
