<?xml version="1.0" encoding="UTF-8"?>
<!-- Test execution of end steps. -->
<componenttype xmlns="http://www.activecomponents.org/jadex-component"
	xmlns:xsi="http://www.w3.org/2001/XMLSchema-instance"
	xsi:schemaLocation="http://www.activecomponents.org/jadex-component http://www.activecomponents.org/jadex-component-${jadex_build_version}.xsd"
	name="EndStepTest" package="jadex.micro.testcases">
	
	<imports>
		<import>jadex.bridge.*</import>
		<import>jadex.base.test.*</import>
	</imports>

	<arguments>
		<result name="testresults" class="Testcase">
			new Testcase(1, new TestReport[]{new TestReport("#1", "Test if end step is executed", false, "End step not executed")})
		</result>
	</arguments>
	
	<configurations>
		<configuration name="default">
			<steps>
				<initialstep class="DestroyStep"/>
				<endstep class="EndStepTestStep"/>
			</steps>
		</configuration>
	</configurations>
	
</componenttype>
