<?xml version="1.0" encoding="UTF-8"?>
<!--
  Service configurations.
-->
<componenttype xmlns="http://www.activecomponents.org/jadex-component"
	xmlns:xsi="http://www.w3.org/2001/XMLSchema-instance"
	xsi:schemaLocation="http://www.activecomponents.org/jadex-component
						http://www.activecomponents.org/jadex-component-${jadex_build_version}.xsd"
	name="ProvidedServiceConfigurations" package="jadex.micro.testcases">
	
	<imports>
		<import>jadex.bridge.service*</import>
	</imports>
	
	<services>
		<providedservice class="IAService">
			<implementation class="ProvidedServiceConfigurationsAgent"/>
		</providedservice>
	</services>
	
	<configurations>
		<configuration name="a"/>
		<configuration name="b">
			<services>
				<providedservice name="IAService">
					<implementation>ProvidedServiceConfigurationsAgent.getService()</implementation>
				</providedservice>
			</services>
		</configuration>
	</configurations>
	
</componenttype>