<?xml version="1.0" encoding="UTF-8"?>
<!-- Part of component result test. -->
<componenttype xmlns="http://www.activecomponents.org/jadex-component"
	xmlns:xsi="http://www.w3.org/2001/XMLSchema-instance"
	xsi:schemaLocation="http://www.activecomponents.org/jadex-component http://www.activecomponents.org/jadex-component-${jadex_build_version}.xsd"
	name="Result" package="jadex.micro.testcases">

	<arguments>
		<result name="res" class="String">"default"</result>
	</arguments>	
	
	<configurations>
		<configuration name="config1">
			<arguments>
				<result name="res">"initial1"</result>
			</arguments>
		</configuration>
		<configuration name="config2">
			<arguments>
				<result name="res">"initial2"</result>
			</arguments>
		</configuration>
	</configurations>
	
</componenttype>
