<?xml version="1.0" encoding="UTF-8"?>
<!--
  Application kernel.
-->
<componenttype xmlns="http://www.activecomponents.org/jadex-component"
	xmlns:xsi="http://www.w3.org/2001/XMLSchema-instance"
	xsi:schemaLocation="http://www.activecomponents.org/jadex-component
						http://www.activecomponents.org/jadex-component-${jadex_build_version}.xsd"
	name="KernelApplication" package="jadex.application">
	
	<imports>
		<import>jadex.bridge.service.types.factory.*</import>
	</imports>
	
	<properties>
		<property name="kernel.types" class="String[]">
			new String[]{"application.xml"}
		</property>
	</properties>
	
	<services>
		<providedservice class="IComponentFactory">
			<implementation>
				new ApplicationComponentFactory($component)	
			</implementation>
		</providedservice>
	</services>
</componenttype>