<!--
	<H3>The heatbugs application descriptor</H3>

	It can be started to launch a heatbugs scenario.
-->

<applicationtype xmlns="http://www.activecomponents.org/jadex-application"
	xmlns:env="http://www.activecomponents.org/jadex-envspace"
	xmlns:xsi="http://www.w3.org/2001/XMLSchema-instance"
	xsi:schemaLocation="http://www.activecomponents.org/jadex-application 
	                    http://www.activecomponents.org/jadex-application-${jadex_build_version}.xsd
	                    http://www.activecomponents.org/jadex-envspace 
	                    http://www.activecomponents.org/jadex-envspace-${jadex_build_version}.xsd"
	name="Heatbugs" package="jadex.micro.examples.heatbugs">
	
	<imports>
		<import>jadex.extension.envsupport.environment.space2d.*</import>
		<import>jadex.extension.envsupport.environment.*</import>
		<import>jadex.extension.envsupport.math.*</import>
		<import>jadex.extension.envsupport.dataview.*</import>
		<import>jadex.extension.envsupport.observer.perspective.*</import>
		<import>jadex.bdi.planlib.*</import>
		<import>jadex.extension.envsupport.evaluation.*</import>
		<import>jadex.commons.*</import>
		<import>jadex.extension.envsupport.observer.gui.plugin.*</import>
	</imports>
	
	<arguments>
		<!-- The diffusion rate for heat distribution. -->
		<argument name="diffusion_rate" class="Double">0.2</argument>
		<!-- The evaporation rate for heat cooling. -->
		<argument name="evaporation_rate" class="Double">0.03</argument>
		<!-- The heatbug ideal temperature. -->
		<argument name="ideal_temp" class="Double">0.3</argument>
	</arguments>
	
	<extensiontypes>
		<env:envspacetype name="gc2dspace" width="20" height="20" class="Grid2D">
			<env:property name="neighborhood">Grid2D.NEIGHBORHOOD_MOORE</env:property>
			<env:property name="min_ideal_temp">100.0</env:property>
			<env:property name="max_ideal_temp">150.0</env:property>
			<!-- <env:property name="min_ideal_temp">0</env:property>-->
			<!-- <env:property name="max_ideal_temp">200</env:property>-->
			<env:property name="min_output_heat">5.0</env:property>
			<env:property name="max_output_heat">25.0</env:property>
			<!-- <env:property name="min_output_heat">0</env:property> -->
			<!-- <env:property name="max_output_heat">100</env:property> -->
			<env:property name="diffusion_rate">$args.diffusion_rate</env:property>
			<env:property name="evaporation_rate">$args.evaporation_rate</env:property>
			<env:property name="random_move_chance">0.2</env:property>
			
			<env:objecttypes>
				<env:objecttype name="patch">
					<env:property name="heat">0.0</env:property>
				</env:objecttype>
				<env:objecttype name="heatbug" kdtree="true">
					<env:property name="position"/>
				    <env:property name="ideal_temp">$space.min_ideal_temp + Math.random()*($space.max_ideal_temp - $space.min_ideal_temp)</env:property>
					<env:property name="output_heat">$space.min_output_heat + Math.random()*($space.max_output_heat - $space.min_output_heat)</env:property>
					<env:property name="random_move_chance">$space.random_move_chance</env:property>
					<env:property name="unhappiness" dynamic="true">Math.abs($object.ideal_temp - ((Number)((ISpaceObject)((Grid2D)$space).getSpaceObjectsByGridPosition($object.position, "patch").iterator().next()).getProperty("heat")).doubleValue())</env:property>
				</env:objecttype>
			</env:objecttypes>
			
			<env:processtypes>
				<env:processtype name="diffuse" class="DiffusionProcess">
					<env:property name="diffusion_rate">$space.diffusion_rate</env:property>
					<env:property name="evaporation_rate">$space.evaporation_rate</env:property>
				</env:processtype>
			</env:processtypes>
			
			<env:dataviews>
				<env:dataview name="view_all" class="GeneralDataView2D" />
			</env:dataviews>
			
			<env:avatarmappings>
				<env:avatarmapping componenttype="Heatbug" objecttype="heatbug"/>
			</env:avatarmappings>
		
			<env:actiontypes>
				<env:actiontype name="move" class="MoveAction" />
			</env:actiontypes>
			
			<env:perspectives>
				<env:perspective name="main" class="Perspective2D" objectplacement="center">
					<env:drawable objecttype="patch" width="1.0" height="1.0">
						<env:property name="color" dynamic="true">new java.awt.Color((int)(Math.min(255, $object.heat)),0,0)</env:property>
						<env:property name="heat_rounded" dynamic="true">((int)($object.heat*10))/10.0</env:property>
						<env:rectangle color="color" />
					</env:drawable>
					
					<env:drawable objecttype="heatbug" width="0.5" height="0.5">
						<env:property name="color" dynamic="true">new java.awt.Color(0,(int)(Math.min(255, $object.ideal_temp)),255)</env:property>
						<env:rectangle color="color" />
					</env:drawable>
				</env:perspective>
				
				<env:perspective name="values" class="Perspective2D" objectplacement="center">
					<env:drawable objecttype="patch" width="1.0" height="1.0">
						<env:property name="color" dynamic="true">new java.awt.Color((int)(Math.min(255, $object.heat)),0,0)</env:property>
						<env:property name="heat_rounded" dynamic="true">((int)($object.heat*10))/10.0</env:property>
						<env:rectangle color="color" />
						<env:text layer="1" x="-0.35" size="3" color="white" text="$heat_rounded$">
							<env:drawcondition>$object.heat>0</env:drawcondition>
						</env:text>
					</env:drawable>
					
					<env:drawable objecttype="heatbug" width="0.5" height="0.5">
						<env:property name="color" dynamic="true">new java.awt.Color(0,(int)(Math.min(255, $object.ideal_temp)),255)</env:property>
						<env:rectangle color="color" />
					</env:drawable>
				</env:perspective>
			</env:perspectives>
			
			<env:spaceexecutor class="RoundBasedExecutor">
				<env:property name="space">$space</env:property>
			</env:spaceexecutor>
		</env:envspacetype>
	</extensiontypes>
	
	<componenttypes>
		<componenttype name="Heatbug" filename="jadex/micro/examples/heatbugs/HeatbugAgent.class"/>
		<!--  <componenttype name="Heatbug" filename="jadex.micro.examples.heatbugs.HeatbugAgent.class"/>-->
	</componenttypes>
	
	<configurations>
		<configuration name="20x20 and 20 bugs">
			<extensions>
				<env:envspace name="mygc2dspace" type="gc2dspace" width="30" height="30">
					<env:processes>
						<env:process type="diffuse"/>
					</env:processes>
					
					<env:dataproviders>
						<env:dataprovider name="unhappiness">
							<env:source name="$heatbug" objecttype="heatbug" /> <!-- All / one / subset of objects -->
							<env:source name="$unhappinesses" objecttype="heatbug" aggregate="true">$object.unhappiness</env:source>
							<env:data name="time">$tick</env:data>
							<env:data name="id">$heatbug.getId()</env:data>
							<env:data name="unhappiness">$heatbug.unhappiness</env:data> 
							<env:data name="avg_unhappiness">SFunction.mean($unhappinesses)</env:data>
						</env:dataprovider>
						
						<!-- <env:dataprovider name="individual_unhappiness">
							<env:source name="$heatbug" objecttype="heatbug" />
							<env:data name="time">$time</env:data>
							<env:data name="id">$heatbug.getId()</env:data>
							<env:data name="unhappiness">$heatbug.unhappiness</env:data> 
						</env:dataprovider>
						
						<env:dataprovider name="global_unhappiness">
							<env:source name="$unhappinesses" objecttype="heatbug" aggregate="true">$object.unhappiness</env:source>
							<env:data name="time">$time</env:data>
							<env:data name="unhappiness">SFunction.mean($unhappinesses)</env:data>
						</env:dataprovider>	 -->			
					</env:dataproviders>
			
					<env:dataconsumers>
						<!-- <env:dataconsumer name="unhappiness_file" class="CSVFileDataConsumer">
							<env:property name="dataprovider">"unhappiness"</env:property>
							<env:property name="filename">"unhappiness.csv"</env:property>
						</env:dataconsumer> -->
							
						<env:dataconsumer name="unhappiness_chart" class="XYChartDataConsumer">
							<env:property name="dataprovider">"unhappiness"</env:property>
							<env:property name="title">"Global and Individual Bug Unhappiness"</env:property>
							<env:property name="labelx">"Time"</env:property>
							<env:property name="labely">"Unhappiness"</env:property>
							<env:property name="bgimage">"unhappy.jpg"</env:property>
							<!-- <env:property name="maxitemcount">30</env:property> -->
							<!-- <env:property name="autorepaint">true</env:property> -->
							<!-- <env:property name="timescale">org.jfree.data.time.Second.class</env:property> -->
							
							<!-- <env:property name="seriesid">"id"</env:property>
							<env:property name="valuex">"time"</env:property>
							<env:property name="valuey">"unhappiness"</env:property> 
							<env:property name="valuex" dynamic="true">$object.getData($rowcnt, $object.getColumnIndex("time"))</env:property>
							<env:property name="valuey" dynamic="true">$object.getData($rowcnt, $object.getColumnIndex("unhappiness"))</env:property>-->
							
							<!-- Defines a normal series. -->
							<env:property name="seriesname_0">"Average unhappiness"</env:property>
							<env:property name="valuex_0">"time"</env:property>
							<env:property name="valuey_0">"avg_unhappiness"</env:property>

							<!-- Defines a multi series (as many series as seriesid's) - ->
							<env:property name="seriesid_1">"id"</env:property>
							<env:property name="valuex_1">"time"</env:property>
							<env:property name="valuey_1">"unhappiness"</env:property>-->		
						</env:dataconsumer>
						
						<env:dataconsumer name="unhappiness_histogram" class="HistogramDataConsumer">
							<env:property name="dataprovider">"unhappiness"</env:property>
							<env:property name="title">"Global Bug Unhappiness"</env:property>
							<env:property name="labelx">"Time"</env:property>
							<env:property name="labely">"Unhappiness"</env:property>
							<env:property name="bgimage">"unhappy.jpg"</env:property>
							<env:property name="maxitemcount">30</env:property>
							<!-- <env:property name="autorepaint">true</env:property> -->
							
							<!-- Defines a series. -->
							<env:property name="seriesname">"Average unhappiness"</env:property>
							<env:property name="lowvalue">0.0</env:property>
							<env:property name="highvalue">100.0</env:property>
							<env:property name="bincount">20</env:property>
							<env:property name="valuex">"time"</env:property>
							<env:property name="valuey">"avg_unhappiness"</env:property>
						</env:dataconsumer>
					</env:dataconsumers>
					
					<env:observers>
						<env:observer name="world" dataview="view_all" perspective="main">
							<env:plugin name="evaluation" class="EvaluationPlugin">
								<env:property name="component_0">((AbstractChartDataConsumer)$space.getDataConsumer("unhappiness_chart")).getChartPanel()</env:property>
								<env:property name="component_1">((AbstractChartDataConsumer)$space.getDataConsumer("unhappiness_histogram")).getChartPanel()</env:property>
							</env:plugin>
						</env:observer>
					</env:observers>
				</env:envspace>
			</extensions>

			<components>
				<component name="&quot;Heatbug#&quot;+$n" type="Heatbug" number="20"/>
				<!-- <agent type="Heatbug">
					<arguments>
						<argument name="ideal_temp">$args.ideal_temp</argument>
					</arguments>
				</agent> -->
			</components>
		</configuration>
		
		<configuration name="30x30 and 100 bugs">
			<extensions>
				<env:envspace name="mygc2dspace" type="gc2dspace" width="30" height="30">
					<env:processes>
						<env:process type="diffuse"/>
					</env:processes>
					
					<env:dataproviders>
						<env:dataprovider name="unhappiness">
							<env:source name="$heatbug" objecttype="heatbug" /> <!-- All / one / subset of objects -->
							<env:source name="$unhappinesses" objecttype="heatbug" aggregate="true">$object.unhappiness</env:source>
							<env:data name="time">$time</env:data>
							<env:data name="id">$heatbug.getId()</env:data>
							<env:data name="unhappiness">$heatbug.unhappiness</env:data> 
							<env:data name="avg_unhappiness">SFunction.mean($unhappinesses)</env:data>
						</env:dataprovider>
					</env:dataproviders>
			
					<env:dataconsumers>
						<env:dataconsumer name="unhappiness_chart" class="XYChartDataConsumer">
							<env:property name="dataprovider">"unhappiness"</env:property>
							<env:property name="title">"Global and Individual Bug Unhappiness"</env:property>
							<env:property name="labelx">"Time"</env:property>
							<env:property name="labely">"Unhappiness"</env:property>
							<env:property name="bgimage">"unhappy.jpg"</env:property>
							<env:property name="maxitemcount">30</env:property>
							<env:property name="legend">false</env:property>
							<!-- <env:property name="autorepaint">true</env:property> -->
							<!-- <env:property name="timescale">org.jfree.data.time.Millisecond.class</env:property> -->
							
							<!-- <env:property name="seriesid">"id"</env:property>
							<env:property name="valuex">"time"</env:property>
							<env:property name="valuey">"unhappiness"</env:property> 
							<env:property name="valuex" dynamic="true">$object.getData($rowcnt, $object.getColumnIndex("time"))</env:property>
							<env:property name="valuey" dynamic="true">$object.getData($rowcnt, $object.getColumnIndex("unhappiness"))</env:property>-->
							
							<!-- Defines a multi series (as many series as seriesid's) -->
							<env:property name="seriesid_0">"id"</env:property>
							<env:property name="valuex_0">"time"</env:property>
							<env:property name="valuey_0">"unhappiness"</env:property>
		
							<!-- Defines a normal series. -->
							<env:property name="seriesname_1">"Average unhappiness"</env:property>
							<env:property name="valuex_1">"time"</env:property>
							<env:property name="valuey_1">"avg_unhappiness"</env:property>
						</env:dataconsumer>
						
						<env:dataconsumer name="unhappiness_histogram" class="HistogramDataConsumer">
							<env:property name="dataprovider">"unhappiness"</env:property>
							<env:property name="title">"Global Bug Unhappiness"</env:property>
							<env:property name="labelx">"Time"</env:property>
							<env:property name="labely">"Unhappiness"</env:property>
							<env:property name="bgimage">"unhappy.jpg"</env:property>
							<env:property name="maxitemcount">30</env:property>
							<!-- <env:property name="autorepaint">true</env:property> -->
							
							<!-- Defines a series. -->
							<env:property name="seriesname">"Average unhappiness"</env:property>
							<env:property name="lowvalue">0.0</env:property>
							<env:property name="highvalue">100.0</env:property>
							<env:property name="bincount">20</env:property>
							<env:property name="valuex">"time"</env:property>
							<env:property name="valuey">"avg_unhappiness"</env:property>
						</env:dataconsumer>
					</env:dataconsumers>
					
					<env:observers>
						<env:observer name="world" dataview="view_all" perspective="main">
							<env:plugin name="evaluation" class="EvaluationPlugin">
								<env:property name="component_0">((AbstractChartDataConsumer)$space.getDataConsumer("unhappiness_chart")).getChartPanel()</env:property>
								<env:property name="component_1">((AbstractChartDataConsumer)$space.getDataConsumer("unhappiness_histogram")).getChartPanel()</env:property>
							</env:plugin>
						</env:observer>
					</env:observers>
				</env:envspace>
			</extensions>

			<components>
				<component name="&quot;Heatbug#&quot;+$n" type="Heatbug" number="100"/>
			</components>
		</configuration>
		
		<configuration name="50x50 and 300 bugs">
			<extensions>
				<env:envspace name="mygc2dspace" type="gc2dspace" width="50" height="50">
					<env:processes>
						<env:process type="diffuse"/>
					</env:processes>
					
					<env:dataproviders>
						<env:dataprovider name="unhappiness">
							<env:source name="$heatbug" objecttype="heatbug" /> <!-- All / one / subset of objects -->
							<env:source name="$unhappinesses" objecttype="heatbug" aggregate="true">$object.unhappiness</env:source>
							<env:data name="time">$time</env:data>
							<env:data name="id">$heatbug.getId()</env:data>
							<env:data name="unhappiness">$heatbug.unhappiness</env:data> 
							<env:data name="avg_unhappiness">SFunction.mean($unhappinesses)</env:data>
						</env:dataprovider>
					</env:dataproviders>
			
					<env:dataconsumers>
						<env:dataconsumer name="unhappiness_chart" class="XYChartDataConsumer">
							<env:property name="dataprovider">"unhappiness"</env:property>
							<env:property name="title">"Global Bug Unhappiness"</env:property>
							<env:property name="labelx">"Time"</env:property>
							<env:property name="labely">"Unhappiness"</env:property>
							<env:property name="bgimage">"unhappy.jpg"</env:property>
							<!-- <env:property name="maxitemcount">30</env:property> -->
							<!-- <env:property name="autorepaint">true</env:property> -->
							<!-- <env:property name="timescale">org.jfree.data.time.Second.class</env:property> -->
							
							<!-- <env:property name="seriesid">"id"</env:property>
							<env:property name="valuex">"time"</env:property>
							<env:property name="valuey">"unhappiness"</env:property> 
							<env:property name="valuex" dynamic="true">$object.getData($rowcnt, $object.getColumnIndex("time"))</env:property>
							<env:property name="valuey" dynamic="true">$object.getData($rowcnt, $object.getColumnIndex("unhappiness"))</env:property>-->
							
							<!-- Defines a normal series. -->
							<env:property name="seriesname_0">"Average unhappiness"</env:property>
							<env:property name="valuex_0">"time"</env:property>
							<env:property name="valuey_0">"avg_unhappiness"</env:property>

							<!-- Defines a multi series (as many series as seriesid's) - ->
							<env:property name="seriesid_1">"id"</env:property>
							<env:property name="valuex_1">"time"</env:property>
							<env:property name="valuey_1">"unhappiness"</env:property>-->		
						</env:dataconsumer>
			
						<env:dataconsumer name="unhappiness_histogram" class="HistogramDataConsumer">
							<env:property name="dataprovider">"unhappiness"</env:property>
							<env:property name="title">"Global Bug Unhappiness"</env:property>
							<env:property name="labelx">"Time"</env:property>
							<env:property name="labely">"Unhappiness"</env:property>
							<env:property name="bgimage">"unhappy.jpg"</env:property>
							<env:property name="maxitemcount">30</env:property>
							<!-- <env:property name="autorepaint">true</env:property> -->
							
							<!-- Defines a series. -->
							<env:property name="seriesname">"Average unhappiness"</env:property>
							<env:property name="lowvalue">0.0</env:property>
							<env:property name="highvalue">100.0</env:property>
							<env:property name="bincount">20</env:property>
							<env:property name="valuex">"time"</env:property>
							<env:property name="valuey">"avg_unhappiness"</env:property>
						</env:dataconsumer>
					</env:dataconsumers>
					
					<env:observers>
						<env:observer name="world" dataview="view_all" perspective="main">
							<env:plugin name="evaluation" class="EvaluationPlugin">
								<env:property name="component_0">((AbstractChartDataConsumer)$space.getDataConsumer("unhappiness_chart")).getChartPanel()</env:property>
								<env:property name="component_1">((AbstractChartDataConsumer)$space.getDataConsumer("unhappiness_histogram")).getChartPanel()</env:property>
							</env:plugin>
						</env:observer>
					</env:observers>
				</env:envspace>
			</extensions>

			<components>
				<component name="&quot;Heatbug#&quot;+$n" type="Heatbug" number="300"/>
			</components>
		</configuration>
		
		<configuration name="20x20 and 20 bugs without evaluation">
			<extensions>
				<env:envspace name="mygc2dspace" type="gc2dspace" width="20" height="20">
					<env:processes>
						<env:process type="diffuse"/>
					</env:processes>
					
					<env:observers>
						<env:observer name="world" dataview="view_all" perspective="main">
							<env:plugin name="evaluation" class="EvaluationPlugin"/>
						</env:observer>
					</env:observers>
				</env:envspace>
			</extensions>

			<components>
				<component name="&quot;Heatbug#&quot;+$n" type="Heatbug" number="20"/>
			</components>
		</configuration>
		
		<configuration name="30x30 and 100 bugs without evaluation">
			<extensions>
				<env:envspace name="mygc2dspace" type="gc2dspace" width="30" height="30">
					<env:processes>
						<env:process type="diffuse"/>
					</env:processes>
					
					<env:observers>
						<env:observer name="world" dataview="view_all" perspective="main">
							<env:plugin name="evaluation" class="EvaluationPlugin"/>
						</env:observer>
					</env:observers>
				</env:envspace>
			</extensions>

			<components>
				<component name="&quot;Heatbug#&quot;+$n" type="Heatbug" number="100"/>
			</components>
		</configuration>
		
		<configuration name="50x50 and 300 bugs without evaluation">
			<extensions>
				<env:envspace name="mygc2dspace" type="gc2dspace" width="50" height="50">
					<env:processes>
						<env:process type="diffuse"/>
					</env:processes>
					
					<env:observers>
						<env:observer name="world" dataview="view_all" perspective="main">
							<env:plugin name="evaluation" class="EvaluationPlugin"/>
						</env:observer>
					</env:observers>
				</env:envspace>
			</extensions>

			<components>
				<component name="&quot;Heatbug#&quot;+$n" type="Heatbug" number="300"/>
			</components>
		</configuration>
	</configurations>

</applicationtype>
