<?xml version="1.0" encoding="UTF-8"?>
<!-- <H3>The Show Room for random 3D Spaceobjects</H3> 3D Showroom of Spaceobjects 
	created by us or licensed under Creative Commons Attribution 3.0 <br><br> 
	Shortkeys: <br> F8 - Grid On/OFF<br> F3 - Chase Cam ON/OFF<br> F4 - Follow 
	Cam ON/OFF<br> F5 - Informations ON/OFF<br> -->
<applicationtype xmlns="http://www.activecomponents.org/jadex-application"
	xmlns:agr="http://www.activecomponents.org/jadex-agrspace" xmlns:env="http://www.activecomponents.org/jadex-envspace"
	xmlns:xsi="http://www.w3.org/2001/XMLSchema-instance"
	xsi:schemaLocation="http://www.activecomponents.org/jadex-application 
	                    http://www.activecomponents.org/jadex-application-${jadex_build_version}.xsd
	                    http://www.activecomponents.org/jadex-agrspace 
	                    http://www.activecomponents.org/jadex-agrspace-${jadex_build_version}.xsd
	                    http://www.activecomponents.org/jadex-envspace 
	                    http://www.activecomponents.org/jadex-envspace-${jadex_build_version}.xsd"
	name="Tutorial" package="jadex.micro.showrooms">

	<imports>
		<import>jadex.extension.envsupport.environment.space3d.*</import>
		<import>jadex.extension.envsupport.environment.DeltaTimeExecutor</import>
		<import>jadex.extension.envsupport.math.*</import>
		<import>jadex.extension.envsupport.dataview.*</import>
		<import>java.text.SimpleDateFormat</import>
		<import>java.util.Date</import>
		<import>jadex.extension.envsupport.observer.perspective.*</import>
		<import>jadex.micro.rotation.*</import>
		<import>jadex.extension.envsupport.evaluation.*</import>
		<import>jadex.extension.envsupport.observer.gui.plugin.*</import>
		<import>jadex.commons.future.*</import>
		<import>jadex.bridge.service.*</import>
		<import>jadex.bridge.service.search.*</import>
		<import>jadex.bridge.service.types.clock.IClockService</import>
	</imports>

	<extensiontypes>
		<env:envspacetype name="3dspace" class="ContinuousSpace3D" width="1" height="1" depth="1">
			
			<env:objecttypes>
				<env:objecttype name="character">
					<env:property name="status" class="String">"idle"
					</env:property>
					<env:property name="position" class="Object">new Vector3Double(0.0,0.0,0.0)
					</env:property>
				</env:objecttype>
				
				<env:objecttype name="character02">
					<env:property name="status" class="String">"idle"
					</env:property>
					<env:property name="position" class="Vector3Double">new Vector3Double(2.0,0.0,2.0)
					</env:property>
				</env:objecttype>
			</env:objecttypes>

			<!--  
			<env:tasktypes>
				<env:tasktype name="rotation" class="RotationTask" />
			</env:tasktypes>
			-->

			<env:dataviews>
				<env:dataview name="all_view" class="GeneralDataView3D" />
			</env:dataviews>

			<env:perspectives>
				<env:perspective3d name="Complex3D" class="Perspective3D" >
				
				<env:drawable3d objecttype="static" hasSpaceobject="false" width="1" height="1" depth="1">
				<env:property name="rotate45" dynamic="false">new Vector3Double(0, (Math.PI/180)*45, 0)</env:property>
					<env:box  width="100" height="0.1" depth="100" x="-50" y="-1" z="50" rotation="rotate45" color="#F0F0F0FF" shadowtype="Receive"/>
					
					<env:box width="0.2" height="0.2" depth="0.2"  materialpath="jadex3d/textures/solid/Iron.j3m"></env:box>
<!-- 					<env:arrow  width="0.01" height="0.2" depth="0" x="0" y="0" z="0" color="#FFFFFFFF"></env:arrow> -->
<!-- 					<env:arrow  width="0.2" height="0" depth="0.01" x="0" y="0" z="0" color="#FF00FFFF"></env:arrow> -->
<!-- 					<env:arrow  width="0" height="0.01" depth="0.2" x="0" y="0" z="0" color="#FFFF00FF"></env:arrow> -->

				</env:drawable3d>

<!-- 					<env:drawable3d objecttype="character" width="1" height="1" depth="1" rotation3d="true"> -->
<!-- 					<env:property name="rotate45y" dynamic="false">new Vector3Double(0, (Math.PI/180)*45, 0)</env:property> -->
<!-- 						<env:object3d height="0.3" width="0.3" depth="0.3" rotation="rotate45y" modelpath="jadex3d/models/characters/jmonkey/sinbad/sinbad.j3o" hasLightMaterials="true" shadowtype="Cast"> -->
<!-- 							<env:animation name="RunBase" channel="base" loop="false"> -->
<!-- 								<env:animationcondition>$object.getProperty("status").equals("Walk")</env:animationcondition> -->
<!-- 							</env:animation> -->
<!-- 							<env:animation name="RunTop" channel="top" loop="false"> -->
<!-- 								<env:animationcondition>$object.getProperty("status").equals("Walk")</env:animationcondition> -->
<!-- 							</env:animation> -->
							
<!-- 							<env:animation name="Dance" channel="top" loop="true"> -->
<!-- 								<env:animationcondition>$object.getProperty("status").equals("idle")</env:animationcondition> -->
<!-- 							</env:animation> -->
							 
<!-- 							<env:animation name="RunBase" channel="base" loop="true"> -->
<!-- 								<env:animationcondition>$object.getProperty("status").equals("idle")</env:animationcondition> -->
<!-- 							</env:animation> -->
							
<!-- 						</env:object3d> -->
						
						
						
<!-- 					</env:drawable3d> -->
					
					<env:drawable3d objecttype="character02" width="1" height="1" depth="1" rotation3d="true">
					<env:property name="rotate45y" dynamic="false">new Vector3Double(0, (Math.PI/180)*45, 0)</env:property>
	
						
					</env:drawable3d>
				</env:perspective3d>
			</env:perspectives>

			<!-- executor -->
			<env:spaceexecutor class="DeltaTimeExecutor">
				<env:property name="space">$space</env:property>
				<env:property name="tick">true</env:property>
			</env:spaceexecutor>
		</env:envspacetype>
	</extensiontypes>

	<properties>
		<property name="clock" class="IFuture">
			SServiceProvider.getService($component,
			IClockService.class, RequiredServiceInfo.SCOPE_PLATFORM)
		</property>
	</properties>

	<configurations>
		<configuration name="Default">
			<extensions>
				<env:envspace name="my3dspace" type="3dspace">
					<env:objects>
						<env:object type="character">
						</env:object>

						<env:object type="character02">
						</env:object>
					</env:objects>

					<env:observers>
						<env:observer name="Examples" dataview="view_all"
							perspective="Complex3D">
						</env:observer>
					</env:observers>
				</env:envspace>
			</extensions>
		</configuration>
	</configurations>
</applicationtype>
