<?xml version="1.0" encoding="UTF-8"?>
<!--
	<H3>Helpline scenario application descriptor</H3>
-->
<applicationtype xmlns="http://www.activecomponents.org/jadex-application"
	xmlns:xsi="http://www.w3.org/2001/XMLSchema-instance"
	xsi:schemaLocation="http://www.activecomponents.org/jadex-application 
	                    http://www.activecomponents.org/jadex-application-${jadex_build_version}.xsd"
	name="Helpline" package="jadex.micro.examples.helpline"
	autoshutdown="true">
	
	<imports>
		<import>jadex.bridge.service.*</import>
		<import>jadex.bridge.service.search.*</import>
		<import>jadex.bridge.service.types.clock.IClockService</import>
		<import>jadex.commons.future.*</import>
	</imports>
	
	<componenttypes>
		<componenttype name="HelplineAgent" filename="jadex/micro/examples/helpline/HelplineAgent.class"/>
	</componenttypes>
	
	<!--<properties>
		<property name="clock" class="IFuture">
			 SServiceProvider.getService($component, IClockService.class, RequiredServiceInfo.SCOPE_PLATFORM) 
			SServiceProvider.getLocalService($component, IClockService.class, RequiredServiceInfo.SCOPE_PLATFORM)
		</property>
	</properties>-->
	
	<configurations>
		<configuration name="1 Helpline Agent">
			<components>
				<component type="HelplineAgent">
					<arguments>
						<argument name="infos">
							new InformationEntry[]
							{
								new InformationEntry("Lennie Lost", "First aid given at Hummel square.", ((IClockService)SServiceProvider.getLocalService($component, IClockService.class, RequiredServiceInfo.SCOPE_PLATFORM)).getTime()-2*60*60*1000),
								new InformationEntry("Lennie Lost", "Brought to collection point.", ((IClockService)SServiceProvider.getLocalService($component, IClockService.class, RequiredServiceInfo.SCOPE_PLATFORM)).getTime()-1*60*60*1000),
								new InformationEntry("Lennie Lost", "Savely reached Mainville Hospital.", ((IClockService)SServiceProvider.getLocalService($component, IClockService.class, RequiredServiceInfo.SCOPE_PLATFORM)).getTime())
							}
						</argument>
					</arguments>
				</component>
			</components>
 		</configuration>
	</configurations>

</applicationtype>
